,Unnamed: 0,Modification,Size,BPCY,WYIELD,ModificationType,Curcumina,Biomassa
0,1,"{'YPR060C': 12, 'YBR249C': 12, 'YDR127W': 12, 'YGL148W': 12, 'YDR035W': 12, 'YBR166C': 12, 'YLR134W': 0, 'YDR380W': 0, 'YLR447C': 0, 'YJR095W': 0, 'YLL048C': 0, 'YIL053W': 0, 'YBR199W': 0, 'YIL066C': 0, 'YOL086C': 0, 'YOL033W': 0}",16,-0.0,0.0102389748155948,3.125,0.0,0.49585974492402607
1,4,"{'YPR060C': 12, 'YBR249C': 12, 'YDR127W': 12, 'YGL148W': 12, 'YDR035W': 12, 'YBR166C': 12, 'YLR134W': 0, 'YDR380W': 0, 'YLR447C': 0, 'YIL053W': 0, 'YBR199W': 0, 'YMR006C': 0, 'YIL066C': 0, 'YOL086C': 0, 'YHR020W': 0.125, 'YOL033W': 0}",16,-0.0,0.538668142182426,2.9375,0.0,0.11836746127673958
2,6,"{'YPR060C': 12, 'YBR249C': 12, 'YDR127W': 12, 'YGL148W': 12, 'YDR035W': 12, 'YBR166C': 12, 'YLR134W': 0, 'YDR380W': 0, 'YJR095W': 0, 'YLR447C': 0, 'YLL048C': 0, 'YIL053W': 0, 'YBR199W': 0, 'YIL066C': 0, 'YOL086C': 0}",15,-0.0,0.0102389748183465,3.0,0.0,0.4958597449240263
3,5,"{'YPR060C': 12, 'YBR249C': 12, 'YDR127W': 12, 'YGL148W': 12, 'YDR035W': 12, 'YBR166C': 12, 'YLR134W': 0, 'YDR380W': 0, 'YCR012W': 0, 'YLL048C': 0, 'YJL121C': 0, 'YBR199W': 0, 'YCR098C': 0, 'YGL125W': 32, 'YOL064C': 0, 'YIL066C': 0}",16,0.0154070040197387,1.0625362898010882,2.8125,1.0616271056737652,0.1451316002914801
4,92,"{'YPR060C': 12, 'YBR249C': 12, 'YDR127W': 12, 'YGL148W': 12, 'YDR035W': 12, 'YBR166C': 12, 'YLR134W': 0, 'YDR380W': 0, 'YCR012W': 0, 'YLL048C': 0, 'YJL121C': 0, 'YBR199W': 0, 'YCR098C': 0, 'YGL125W': 32, 'YOL064C': 0, 'YIL066C': 0}",16,0.0154070040937648,1.06253628977664,2.8125,1.0616271056737652,0.1451316002914801
5,44,"{'YPR060C': 12, 'YBR249C': 12, 'YDR127W': 12, 'YGL148W': 12, 'YDR035W': 12, 'YBR166C': 12, 'YLR134W': 0, 'YDR380W': 0, 'YER052C': 0.125, 'YIL053W': 0, 'YLL048C': 0, 'YBR199W': 0, 'YCR098C': 0, 'YGL125W': 32, 'YIL066C': 0, 'YHR002W': 0}",16,0.0158523598861142,1.197098235489559,2.625,1.062571975379285,0.11836746127674046
6,50,"{'YPR060C': 12, 'YBR249C': 12, 'YDR127W': 12, 'YGL148W': 12, 'YDR035W': 12, 'YBR166C': 12, 'YLR134W': 0, 'YDR380W': 0, 'YER052C': 0.125, 'YLL048C': 0, 'YBR199W': 0, 'YCR098C': 0, 'YGL125W': 32, 'YIL066C': 0, 'YHR002W': 0}",15,0.0158523598861142,1.1970982354895527,2.466666666666667,1.062571975379285,0.11836746127674046
7,2,"{'YPR060C': 12, 'YBR249C': 12, 'YDR127W': 12, 'YGL148W': 12, 'YDR035W': 12, 'YBR166C': 12, 'YLR134W': 0, 'YDR380W': 0, 'YER052C': 0.125, 'YLL048C': 0, 'YBR199W': 0, 'YCR098C': 0, 'YIL066C': 0, 'YGL125W': 32, 'YOL033W': 0, 'YNR043W': 0.125}",16,0.0158541125821991,1.2824662981976325,2.4375,1.0625719753792853,0.11836746127674014
8,90,"{'YPR060C': 12, 'YBR249C': 12, 'YDR127W': 12, 'YGL148W': 12, 'YDR035W': 12, 'YBR166C': 12, 'YLR134W': 0, 'YDR380W': 0, 'YER052C': 0.125, 'YLL048C': 0, 'YBR199W': 0, 'YCR098C': 0, 'YGL125W': 32, 'YNR043W': 0.25, 'YIL066C': 0, 'YOR175C': 0}",16,0.0158544467314032,1.282179096184049,2.4375,1.062606315778213,0.11836746127674032
9,47,"{'YPR060C': 12, 'YBR249C': 12, 'YDR127W': 12, 'YGL148W': 12, 'YDR035W': 12, 'YBR166C': 12, 'YLR134W': 0, 'YDR380W': 0, 'YLR447C': 0, 'YER052C': 0.125, 'YLL048C': 0, 'YBR199W': 0, 'YOR175C': 0, 'YCR098C': 0, 'YGL125W': 32, 'YIL066C': 0}",16,0.0158544467421534,1.1884308687986476,2.625,1.062606315778213,0.11836746127674032
10,86,"{'YPR060C': 12, 'YBR249C': 12, 'YDR127W': 12, 'YGL148W': 12, 'YDR035W': 12, 'YBR166C': 12, 'YLR134W': 0, 'YDR380W': 0, 'YIL053W': 0, 'YBR199W': 0, 'YCR098C': 0, 'YGL125W': 32, 'YIL066C': 0, 'YOL033W': 0, 'YNR043W': 0.125, 'YER052C': 0.25}",16,0.0158860601448541,1.2643079330330926,2.4375,1.062571975379285,0.11836746127673915
11,21,"{'YPR060C': 12, 'YBR249C': 12, 'YDR127W': 12, 'YGL148W': 12, 'YDR035W': 12, 'YBR166C': 12, 'YLR134W': 0, 'YDR380W': 0, 'YIL053W': 0, 'YBR199W': 0, 'YCR098C': 0, 'YGL125W': 32, 'YIL066C': 0, 'YOL033W': 0, 'YNR043W': 0.125, 'YER052C': 0.25}",16,0.0158860633800295,1.2643078823653329,2.4375,1.062571975379285,0.11836746127673915
12,13,"{'YPR060C': 12, 'YBR249C': 12, 'YDR127W': 12, 'YGL148W': 12, 'YDR035W': 12, 'YBR166C': 12, 'YLR134W': 0, 'YDR380W': 0, 'YIL053W': 0, 'YBR199W': 0, 'YCR098C': 0, 'YGL125W': 32, 'YOL033W': 0, 'YNR043W': 0.125, 'YER052C': 0.25}",15,0.0158860633908222,1.2643078826739182,2.2666666666666666,1.062571975379285,0.11836746127673915
13,10,"{'YPR060C': 12, 'YBR249C': 12, 'YDR127W': 12, 'YGL148W': 12, 'YDR035W': 12, 'YBR166C': 12, 'YLR134W': 0, 'YDR380W': 0, 'YCR012W': 0, 'YIL053W': 0, 'YLL048C': 0, 'YBR199W': 0, 'YCR098C': 0, 'YGL125W': 32, 'YIL066C': 0, 'YOL064C': 0}",16,0.0201647705866517,1.0612505744686829,2.8125,1.0600389167157054,0.19022248120810817
14,15,"{'YPR060C': 12, 'YBR249C': 12, 'YDR127W': 12, 'YGL148W': 12, 'YDR035W': 12, 'YBR166C': 12, 'YLR134W': 0, 'YDR380W': 0, 'YCR012W': 0, 'YLL048C': 0, 'YBR199W': 0, 'YCR098C': 0, 'YGL125W': 32, 'YIL066C': 0, 'YOL064C': 0}",15,0.0201647705866518,1.0612505740805505,2.6666666666666665,1.0600389167157054,0.19022248120810817
15,8,"{'YPR060C': 12, 'YBR249C': 12, 'YDR127W': 12, 'YGL148W': 12, 'YDR035W': 12, 'YBR166C': 12, 'YLR134W': 0, 'YDR380W': 0, 'YCR012W': 0, 'YHR002W': 0, 'YBR199W': 0, 'YCR098C': 0, 'YGL125W': 32, 'YIL066C': 0, 'YOL033W': 0}",15,0.0203635736105556,1.0542854530235528,2.6666666666666665,1.0599760057220815,0.1921092669836578
16,9,"{'YPR060C': 12, 'YBR249C': 12, 'YDR127W': 12, 'YGL148W': 12, 'YDR035W': 12, 'YBR166C': 12, 'YLR134W': 0, 'YDR380W': 0, 'YHR002W': 0, 'YBR199W': 0, 'YCR098C': 0, 'YGL125W': 32, 'YIL066C': 0, 'YJL121C': 0, 'YOL033W': 0, 'YER052C': 0.25}",16,0.0272827124527162,1.1619369295075457,2.625,1.0584050264561973,0.23673492255438955
17,20,"{'YPR060C': 12, 'YBR249C': 12, 'YDR127W': 12, 'YGL148W': 12, 'YDR035W': 12, 'YBR166C': 12, 'YLR134W': 0, 'YDR380W': 0, 'YER061C': 0.03125, 'YOL064C': 0.25, 'YCR098C': 0, 'YGL125W': 32, 'YNR043W': 0.25, 'YIL066C': 0, 'YOL033W': 0, 'YER052C': 0.25}",16,0.0274137779026073,1.2033519581067864,2.0625,1.058405026456225,0.23673492255360873
18,34,"{'YPR060C': 12, 'YBR249C': 12, 'YDR127W': 12, 'YGL148W': 12, 'YDR035W': 12, 'YBR166C': 12, 'YLR134W': 0, 'YDR380W': 0, 'YER061C': 0.03125, 'YBR018C': 32, 'YCR098C': 0, 'YGL125W': 32, 'YNR043W': 0.25, 'YIL066C': 0, 'YOL033W': 0, 'YER052C': 0.25}",16,0.0274137884026904,1.2033519581067789,1.9375,1.0584050264562295,0.2367349225534789
19,26,"{'YPR060C': 12, 'YBR249C': 12, 'YDR127W': 12, 'YGL148W': 12, 'YDR035W': 12, 'YBR166C': 12, 'YLR134W': 0, 'YDR380W': 0, 'YER061C': 0.03125, 'YOL064C': 0.25, 'YCR098C': 0, 'YGL125W': 32, 'YNR043W': 0.25, 'YIL066C': 0, 'YOL033W': 0, 'YER052C': 0.25}",16,0.0274137884026905,1.203351957491009,2.0625,1.058405026456225,0.23673492255360873
20,37,"{'YPR060C': 12, 'YBR249C': 12, 'YDR127W': 12, 'YGL148W': 12, 'YDR035W': 12, 'YBR166C': 12, 'YLR134W': 0, 'YDR380W': 0, 'YBR199W': 0, 'YCR098C': 0, 'YGL125W': 32, 'YNR043W': 0.25, 'YIL066C': 0, 'YER052C': 0.5}",14,0.0274614460227013,1.1670352275378133,2.071428571428572,1.0584050264562295,0.23673492255347878
21,41,"{'YPR060C': 12, 'YBR249C': 12, 'YDR127W': 12, 'YGL148W': 12, 'YDR035W': 12, 'YBR166C': 12, 'YLR134W': 0, 'YDR380W': 0, 'YOR142W': 0, 'YHR002W': 0, 'YBR199W': 0, 'YCR098C': 0, 'YGL125W': 32, 'YER052C': 0.25}",14,0.0274779044081796,1.1627067354332503,2.2857142857142856,1.0584050264562292,0.23673492255347914
22,35,"{'YPR060C': 12, 'YBR249C': 12, 'YDR127W': 12, 'YGL148W': 12, 'YDR035W': 12, 'YBR166C': 12, 'YLR134W': 0, 'YDR380W': 0, 'YOR142W': 0, 'YHR002W': 0, 'YCR098C': 0, 'YGL125W': 32, 'YER052C': 0.25}",13,0.0274779145061522,1.1627067351973293,2.076923076923077,1.0584050264562292,0.23673492255347914
23,14,"{'YPR060C': 12, 'YBR249C': 12, 'YDR127W': 12, 'YGL148W': 12, 'YDR035W': 12, 'YBR166C': 12, 'YLR134W': 0, 'YDR380W': 0, 'YOR142W': 0, 'YLR174W': 0.125, 'YLL048C': 0, 'YOR175C': 0, 'YIL066C': 0, 'YCR098C': 0, 'YGL125W': 32, 'YER052C': 0.25}",16,0.0274971875129706,1.1581570225113125,2.4375,1.0584737072540855,0.2367349225534797
24,30,"{'YPR060C': 12, 'YBR249C': 12, 'YDR127W': 12, 'YGL148W': 12, 'YDR035W': 12, 'YBR166C': 12, 'YLR134W': 0, 'YDR380W': 0, 'YPR021C': 0.03125, 'YFR053C': 2, 'YOL064C': 0, 'YIL053W': 0, 'YCR098C': 0, 'YGL125W': 32, 'YPL061W': 16}",15,0.0279266967641765,1.0598177720666953,1.8,1.0574435843210315,0.26404590399560535
25,32,"{'YPR060C': 12, 'YBR249C': 12, 'YDR127W': 12, 'YGL148W': 12, 'YDR035W': 12, 'YBR166C': 12, 'YLR134W': 0, 'YDR380W': 0, 'YPR021C': 0.03125, 'YFR053C': 2, 'YOL064C': 0.25, 'YBR252W': 4, 'YCR098C': 0, 'YGL125W': 32, 'YPL061W': 16}",15,0.0281796306888349,1.059752789707018,1.2666666666666666,1.0573586850259071,0.2664575759919791
26,27,"{'YPR060C': 12, 'YBR249C': 12, 'YDR127W': 12, 'YGL148W': 12, 'YDR035W': 12, 'YBR166C': 12, 'YLR134W': 0, 'YDR380W': 0, 'YFR053C': 2, 'YLL048C': 0, 'YJL121C': 0, 'YCR098C': 0, 'YGL125W': 32, 'YIL066C': 0, 'YOL064C': 0, 'YPL061W': 16}",16,0.0282572050458947,1.0597304706764898,2.1875,1.0573327246966346,0.26719501202170387
27,28,"{'YPR060C': 12, 'YBR249C': 12, 'YDR127W': 12, 'YGL148W': 12, 'YDR035W': 12, 'YBR166C': 12, 'YLR134W': 0, 'YDR380W': 0, 'YFR053C': 2, 'YCL050C': 0.03125, 'YIL053W': 0, 'YCR098C': 0, 'YGL125W': 32, 'YIL066C': 0, 'YOL064C': 0, 'YPL061W': 16}",16,0.0283713855492914,1.0597387456475256,2.0,1.057294238560974,0.2682882594448475
28,48,"{'YPR060C': 12, 'YBR249C': 12, 'YDR127W': 12, 'YGL148W': 12, 'YDR035W': 12, 'YBR166C': 12, 'YLR134W': 0, 'YDR380W': 0, 'YFR053C': 2, 'YIL053W': 0, 'YBR252W': 4, 'YCR098C': 0, 'YGL125W': 32, 'YIL066C': 0, 'YOL064C': 0, 'YPL061W': 16}",16,0.0283755949184909,1.059692331086492,1.875,1.05729286616116,0.2683272441996049
29,22,"{'YPR060C': 12, 'YBR249C': 12, 'YDR127W': 12, 'YGL148W': 12, 'YDR035W': 12, 'YBR166C': 12, 'YLR134W': 0, 'YDR380W': 0, 'YFR053C': 2, 'YOL064C': 0.25, 'YBR252W': 4, 'YCR098C': 0, 'YGL125W': 32, 'YPL061W': 16, 'YER065C': 2}",15,0.0286299892938065,1.0596266142491977,1.1333333333333333,1.0572074105188152,0.27075471994334654
30,79,"{'YPR060C': 12, 'YBR249C': 12, 'YDR127W': 12, 'YGL148W': 12, 'YDR035W': 12, 'YBR166C': 12, 'YLR134W': 0, 'YDR380W': 0, 'YFR053C': 2, 'YOL064C': 0.25, 'YIL053W': 0, 'YCR098C': 0, 'YOL086C': 0, 'YGL125W': 32, 'YIL066C': 0.125, 'YPL061W': 16}",16,0.0286303223906365,1.0596262735033768,1.8125,1.0572072571051585,0.27075907785255376
31,24,"{'YPR060C': 12, 'YBR249C': 12, 'YDR127W': 12, 'YGL148W': 12, 'YDR035W': 12, 'YBR166C': 12, 'YLR134W': 0, 'YDR380W': 0, 'YFR053C': 2, 'YOL064C': 0.25, 'YCR098C': 0, 'YGL125W': 32, 'YIL066C': 0, 'YPL061W': 16, 'YER065C': 2}",15,0.0286303225105319,1.0596262701443853,1.4666666666666666,1.0572072571051585,0.27075907785255376
32,43,"{'YPR060C': 12, 'YBR249C': 12, 'YDR127W': 12, 'YGL148W': 12, 'YDR035W': 12, 'YBR166C': 12, 'YLR134W': 0, 'YDR380W': 0, 'YPR021C': 0.03125, 'YFR053C': 2, 'YBR199W': 0, 'YCR098C': 0, 'YGL125W': 32, 'YIL066C': 0, 'YOL064C': 0, 'YPL061W': 8}",16,0.0289617666509676,1.0594588038134307,2.0,1.0570952951655406,0.27393949853850197
33,61,"{'YPR060C': 12, 'YBR249C': 12, 'YDR127W': 12, 'YGL148W': 12, 'YDR035W': 12, 'YBR166C': 12, 'YLR134W': 0, 'YDR380W': 0, 'YGR088W': 0.25, 'YFR053C': 2, 'YCL050C': 0.03125, 'YIL053W': 0, 'YCR098C': 0, 'YGL125W': 32, 'YIL066C': 0, 'YOL064C': 0}",16,0.0295519951154489,1.0590801022268057,2.125,1.0568913449356678,0.2795863970003326
34,16,"{'YPR060C': 12, 'YBR249C': 12, 'YDR127W': 12, 'YGL148W': 12, 'YDR035W': 12, 'YBR166C': 12, 'YLR134W': 0, 'YDR380W': 0, 'YFR053C': 2, 'YLL048C': 0, 'YJL121C': 0, 'YCR098C': 0, 'YGL125W': 32, 'YIL066C': 0, 'YOL064C': 0, 'YOL033W': 0}",16,0.0295530566793224,1.0590734967651405,2.5,1.0568909774330506,0.2795968309097855
35,18,"{'YPR060C': 12, 'YBR249C': 12, 'YDR127W': 12, 'YGL148W': 12, 'YDR035W': 12, 'YBR166C': 12, 'YLR134W': 0, 'YDR380W': 0, 'YFR053C': 2, 'YLL048C': 0, 'YJL121C': 0, 'YCR098C': 0, 'YGL125W': 32, 'YIL066C': 0, 'YOL064C': 0}",15,0.0295530566793443,1.059073496765154,2.333333333333333,1.0568909774323763,0.27959683090980625
36,77,"{'YPR060C': 12, 'YBR249C': 12, 'YDR127W': 12, 'YGL148W': 12, 'YDR035W': 12, 'YBR166C': 12, 'YLR134W': 0, 'YDR380W': 0, 'YGR202C': 0.03125, 'YFR053C': 2, 'YOL064C': 0.25, 'YCL050C': 0.03125, 'YCR098C': 0, 'YGL125W': 32, 'YPL061W': 8}",15,0.0296619988847662,1.0593141144523652,1.4,1.056859949099192,0.28062480160066283
37,66,"{'YPR060C': 12, 'YBR249C': 12, 'YDR127W': 12, 'YGL148W': 12, 'YDR035W': 12, 'YBR166C': 12, 'YLR134W': 0, 'YDR380W': 0, 'YGR202C': 0.03125, 'YFR053C': 2, 'YOL064C': 0.25, 'YCL050C': 0.03125, 'YCR098C': 0, 'YGL125W': 32, 'YIL066C': 0.125, 'YPL061W': 8}",16,0.029661999008373,1.0593141135200077,1.4375,1.056859949099192,0.28062480160066283
38,70,"{'YPR060C': 12, 'YBR249C': 12, 'YDR127W': 12, 'YGL148W': 12, 'YDR035W': 12, 'YBR166C': 12, 'YLR134W': 0, 'YDR380W': 0, 'YFR053C': 2, 'YOL064C': 0.25, 'YLL048C': 0, 'YBR199W': 0, 'YCR098C': 0, 'YGL125W': 32, 'YIL066C': 0, 'YJL121C': 0}",16,0.0298049037925471,1.0590056815554572,2.3125,1.0568062684104944,0.2820018372191208
39,83,"{'YPR060C': 12, 'YBR249C': 12, 'YDR127W': 12, 'YGL148W': 12, 'YDR035W': 12, 'YBR166C': 12, 'YLR134W': 0, 'YDR380W': 0, 'YGR202C': 0.03125, 'YOL064C': 0.25, 'YKL029C': 32, 'YCR098C': 0, 'YGL125W': 32, 'YIL066C': 0, 'YPL061W': 16}",15,0.0300877150485055,1.0592258037769473,1.6,1.0567173201607731,0.28467635722492357
40,54,"{'YPR060C': 12, 'YBR249C': 12, 'YDR127W': 12, 'YGL148W': 12, 'YDR035W': 12, 'YBR166C': 12, 'YLR134W': 0, 'YDR380W': 0, 'YGR202C': 0.03125, 'YOL064C': 0.25, 'YKL029C': 32, 'YCR098C': 0, 'YGL125W': 32, 'YIL066C': 0, 'YPL061W': 16}",15,0.0300877151756782,1.059225803734562,1.6,1.0567173201607731,0.28467635722492357
41,51,"{'YPR060C': 12, 'YBR249C': 12, 'YDR127W': 12, 'YGL148W': 12, 'YDR035W': 12, 'YBR166C': 12, 'YLR134W': 0, 'YDR380W': 0, 'YBR199W': 0, 'YCR098C': 0, 'YIL066C': 0, 'YGL125W': 32, 'YOL064C': 0, 'YKL029C': 32, 'YOL033W': 0, 'YPL061W': 0.03125}",16,0.0308993744214346,1.0585474412560545,2.3125,1.0564378724453833,0.29246110813252607
42,82,"{'YPR060C': 12, 'YBR249C': 12, 'YDR127W': 12, 'YGL148W': 12, 'YDR035W': 12, 'YBR166C': 12, 'YLR134W': 0, 'YDR380W': 0, 'YGR202C': 0.03125, 'YOL064C': 0.25, 'YKL029C': 32, 'YCR098C': 0, 'YGL125W': 32, 'YIL066C': 0, 'YCR028C': 0.0625, 'YPL061W': 8}",16,0.0311703813261015,1.058938605288515,1.625,1.0563526653806767,0.295034838060537
43,39,"{'YPR060C': 12, 'YBR249C': 12, 'YDR127W': 12, 'YGL148W': 12, 'YDR035W': 12, 'YBR166C': 12, 'YLR134W': 0, 'YDR380W': 0, 'YGR202C': 0.03125, 'YOL064C': 0.25, 'YKL029C': 32, 'YCR098C': 0, 'YGL125W': 32, 'YIL066C': 0, 'YCR028C': 0.0625, 'YPL061W': 8}",16,0.0311703813261031,1.0589386052885097,1.625,1.0563526653806767,0.295034838060537
44,31,"{'YPR060C': 12, 'YBR249C': 12, 'YDR127W': 12, 'YGL148W': 12, 'YDR035W': 12, 'YBR166C': 12, 'YLR134W': 0, 'YDR380W': 0, 'YPL061W': 32, 'YCL050C': 0.03125, 'YJL121C': 0, 'YCR098C': 0, 'YGL125W': 32, 'YIL066C': 0, 'YOL064C': 0}",15,0.0319687267366946,1.0588258241267503,2.1333333333333333,1.0560857195258335,0.30261777313356564
45,65,"{'YPR060C': 12, 'YBR249C': 12, 'YDR127W': 12, 'YGL148W': 12, 'YDR035W': 12, 'YBR166C': 12, 'YLR134W': 0, 'YDR380W': 0, 'YPR021C': 0.03125, 'YPL061W': 32, 'YPL053C': 0.25, 'YOL064C': 0.25, 'YCL050C': 0.03125, 'YCR098C': 0, 'YIL066C': 0, 'YGL125W': 32}",16,0.0320160556460965,1.058797859195742,1.75,1.0560697817591076,0.3030705055813467
46,63,"{'YPR060C': 12, 'YBR249C': 12, 'YDR127W': 12, 'YGL148W': 12, 'YDR035W': 12, 'YBR166C': 12, 'YLR134W': 0, 'YDR380W': 0, 'YPL061W': 32, 'YPR021C': 0.03125, 'YBR199W': 4, 'YOL064C': 0.25, 'YCL050C': 0.25, 'YCR098C': 0, 'YGL125W': 32, 'YER065C': 2}",16,0.0320200495252351,1.0587968300346569,1.3125,1.0560684371096611,0.30310870205177065
47,40,"{'YPR060C': 12, 'YBR249C': 12, 'YDR127W': 12, 'YGL148W': 12, 'YDR035W': 12, 'YBR166C': 12, 'YLR134W': 0, 'YDR380W': 0, 'YLL048C': 0, 'YBR199W': 0, 'YCR098C': 0, 'YGL125W': 32, 'YOL064C': 0, 'YPL061W': 16, 'YKL029C': 16, 'YER065C': 2}",16,0.0323688292320405,1.0586370757143928,1.875,1.0559497589034335,0.3064799067964008
48,64,"{'YPR060C': 12, 'YBR249C': 12, 'YDR127W': 12, 'YGL148W': 12, 'YDR035W': 12, 'YBR166C': 12, 'YLR134W': 0, 'YDR380W': 0, 'YGR202C': 0.03125, 'YPL061W': 32, 'YOL064C': 0.25, 'YML004C': 32, 'YLL031C': 4, 'YCR098C': 0, 'YGL125W': 32, 'YIL066C': 0}",16,0.0324690125003991,1.0586163559140047,1.5,1.0559172635394092,0.30740297876437017
49,97,"{'YPR060C': 12, 'YBR249C': 12, 'YDR127W': 12, 'YGL148W': 12, 'YDR035W': 12, 'YBR166C': 12, 'YLR134W': 0, 'YDR380W': 0, 'YGR202C': 0.03125, 'YPL061W': 32, 'YOL064C': 0.25, 'YML004C': 32, 'YLL031C': 4, 'YCR098C': 0, 'YGL125W': 32, 'YIL066C': 0}",16,0.0324690411262633,1.0586162080560169,1.5,1.0559172635394092,0.30740297876437017
50,96,"{'YPR060C': 12, 'YBR249C': 12, 'YDR127W': 12, 'YGL148W': 12, 'YDR035W': 12, 'YBR166C': 12, 'YLR134W': 0, 'YDR380W': 0, 'YBR199W': 0, 'YJL121C': 0, 'YCR098C': 0, 'YGL125W': 32, 'YOL064C': 0, 'YIL066C': 0, 'YKL029C': 16, 'YPL061W': 8}",16,0.0328981096668917,1.058377194422481,2.1875,1.0557707612203244,0.31156456267178295
51,88,"{'YPR060C': 12, 'YBR249C': 12, 'YDR127W': 12, 'YGL148W': 12, 'YDR035W': 12, 'YBR166C': 12, 'YLR134W': 0, 'YDR380W': 0, 'YBR199W': 0, 'YJL121C': 0, 'YCR098C': 0, 'YGL125W': 32, 'YOL064C': 0, 'YIL066C': 0, 'YKL029C': 16, 'YPL061W': 8}",16,0.0328981097997925,1.0583771943781697,2.1875,1.0557707612203244,0.31156456267178295
52,38,"{'YPR060C': 12, 'YBR249C': 12, 'YDR127W': 12, 'YGL148W': 12, 'YDR035W': 12, 'YBR166C': 12, 'YLR134W': 0, 'YDR380W': 0, 'YLL043W': 4, 'YCL050C': 0.03125, 'YCR098C': 0, 'YGL125W': 32, 'YOL064C': 0, 'YKL029C': 16, 'YER065C': 2, 'YPL061W': 8}",16,0.0334225968893437,1.0583675399775423,1.375,1.0555942519108528,0.3165785331426741
53,74,"{'YPR060C': 12, 'YBR249C': 12, 'YDR127W': 12, 'YGL148W': 12, 'YDR035W': 12, 'YBR166C': 12, 'YLR134W': 0, 'YDR380W': 0, 'YLL043W': 4, 'YBR252W': 4, 'YCR098C': 0, 'YGL125W': 32, 'YOL064C': 0, 'YKL029C': 16, 'YER065C': 2, 'YPL061W': 8}",16,0.0334277482435329,1.0583129386482786,1.25,1.0555925576500946,0.31662666076515483
54,33,"{'YPR060C': 12, 'YBR249C': 12, 'YDR127W': 12, 'YGL148W': 12, 'YDR035W': 12, 'YBR166C': 12, 'YLR134W': 0, 'YDR380W': 0, 'YLL043W': 4, 'YCR098C': 0, 'YGL125W': 32, 'YOL064C': 0, 'YKL029C': 16, 'YER065C': 2, 'YPL061W': 8}",15,0.033428076498609,1.0583125545694343,1.3333333333333333,1.0555924052435897,0.31663099006493683
55,49,"{'YPR060C': 12, 'YBR249C': 12, 'YDR127W': 12, 'YGL148W': 12, 'YDR035W': 12, 'YBR166C': 12, 'YLR134W': 0, 'YDR380W': 0, 'YLL043W': 4, 'YIL066C': 0, 'YCR098C': 0, 'YGL125W': 32, 'YOL064C': 0, 'YKL029C': 16, 'YER065C': 2, 'YPL061W': 8}",16,0.0334280766392882,1.0583125535144895,1.5625,1.0555924052435897,0.31663099006493683
56,78,"{'YPR060C': 12, 'YBR249C': 12, 'YDR127W': 12, 'YGL148W': 12, 'YDR035W': 12, 'YBR166C': 12, 'YLR134W': 0, 'YDR380W': 0, 'YPR021C': 0.03125, 'YCL050C': 0.03125, 'YIL053W': 0, 'YCR098C': 0, 'YGL125W': 32, 'YOL064C': 0, 'YPL061W': 16}",15,0.0339698304789884,1.0583102156649429,1.9333333333333331,1.0554103796947223,0.32180165630174706
57,93,"{'YPR060C': 12, 'YBR249C': 12, 'YDR127W': 12, 'YGL148W': 12, 'YDR035W': 12, 'YBR166C': 12, 'YLR134W': 0, 'YDR380W': 0, 'YPR021C': 0.03125, 'YBR199W': 0, 'YCR098C': 0, 'YGL125W': 32, 'YOL064C': 0, 'YPL061W': 16, 'YOL033W': 0, 'YGR202C': 8}",16,0.0339753732127749,1.0582537343768352,2.0,1.055408521629247,0.3218544370046646
58,84,"{'YPR060C': 12, 'YBR249C': 12, 'YDR127W': 12, 'YGL148W': 12, 'YDR035W': 12, 'YBR166C': 12, 'YLR134W': 0, 'YDR380W': 0, 'YCL050C': 0.03125, 'YJL121C': 0, 'YCR098C': 0, 'YGL125W': 32, 'YOL064C': 0, 'YPL061W': 16}",14,0.0344329784425575,1.058186923320477,1.9285714285714288,1.0552543071816738,0.32623509368861037
59,56,"{'YPR060C': 12, 'YBR249C': 12, 'YDR127W': 12, 'YGL148W': 12, 'YDR035W': 12, 'YBR166C': 12, 'YLR134W': 0, 'YDR380W': 0, 'YLL048C': 0, 'YJL121C': 0, 'YCR098C': 0, 'YGL125W': 32, 'YOL064C': 0, 'YPL061W': 16}",14,0.0344386910849559,1.0581272922062168,2.142857142857143,1.0552523808481422,0.32628981363212073
60,36,"{'YPR060C': 12, 'YBR249C': 12, 'YDR127W': 12, 'YGL148W': 12, 'YDR035W': 12, 'YBR166C': 12, 'YLR134W': 0, 'YDR380W': 0, 'YCR098C': 0, 'YGL125W': 32, 'YIL066C': 0, 'YOL064C': 0, 'YPL061W': 16}",13,0.0344511913792229,1.0581184698842565,1.9230769230769231,1.0552480967996802,0.32641150745411257
61,58,"{'YPR060C': 12, 'YBR249C': 12, 'YDR127W': 12, 'YGL148W': 12, 'YDR035W': 12, 'YBR166C': 12, 'YLR134W': 0, 'YDR380W': 0, 'YCL050C': 0.03125, 'YIL053W': 0, 'YCR098C': 0, 'YGL125W': 32, 'YPL061W': 16, 'YOL064C': 0.125}",14,0.0345721431605727,1.058142869099554,1.7142857142857142,1.0552072989630334,0.3275704216713611
62,87,"{'YPR060C': 12, 'YBR249C': 12, 'YDR127W': 12, 'YGL148W': 12, 'YDR035W': 12, 'YBR166C': 12, 'YLR134W': 0, 'YDR380W': 0, 'YCL050C': 0.03125, 'YIL053W': 0, 'YCR098C': 0, 'YGL125W': 32, 'YPL061W': 16, 'YOL064C': 0.125}",14,0.0345721747781213,1.0581427034304949,1.7142857142857142,1.0552072989630334,0.3275704216713611
63,71,"{'YPR060C': 12, 'YBR249C': 12, 'YDR127W': 12, 'YGL148W': 12, 'YDR035W': 12, 'YBR166C': 12, 'YLR134W': 0, 'YDR380W': 0, 'YOL064C': 0.25, 'YGR202C': 0, 'YLL048C': 0, 'YBR199W': 0, 'YCR098C': 0, 'YGL125W': 32, 'YPL061W': 16, 'YIL066C': 0.125}",16,0.0347044379460325,1.058052782644041,2.125,1.0551626936226695,0.3288374928535906
64,62,"{'YPR060C': 12, 'YBR249C': 12, 'YDR127W': 12, 'YGL148W': 12, 'YDR035W': 12, 'YBR166C': 12, 'YLR134W': 0, 'YDR380W': 0, 'YPR021C': 0.03125, 'YOL064C': 0.25, 'YCL050C': 0.03125, 'YBR199W': 0, 'YCR098C': 0, 'YGL125W': 32, 'YIL066C': 0, 'YPL061W': 8}",16,0.0352275650810552,1.0578760584860722,1.9375,1.0549856333062237,0.3338671153753773
65,29,"{'YPR060C': 12, 'YBR249C': 12, 'YDR127W': 12, 'YGL148W': 12, 'YDR035W': 12, 'YBR166C': 12, 'YLR134W': 0, 'YDR380W': 0, 'YLL048C': 0, 'YCR098C': 0, 'YGL125W': 32, 'YOL064C': 0, 'YER065C': 2, 'YCL050C': 0, 'YPL061W': 8, 'YOR175C': 0.03125}",16,0.0354529945631341,1.0578190975329087,2.0,1.0549096589934586,0.33602526194503496
66,68,"{'YPR060C': 12, 'YBR249C': 12, 'YDR127W': 12, 'YGL148W': 12, 'YDR035W': 12, 'YBR166C': 12, 'YLR134W': 0, 'YDR380W': 0, 'YCL050C': 0.03125, 'YCR098C': 0, 'YGL125W': 32, 'YOL064C': 0, 'YER065C': 2, 'YPL061W': 8}",14,0.0354549520901723,1.0578046840240198,1.5714285714285714,1.0549089092909443,0.336046558194396
67,69,"{'YPR060C': 12, 'YBR249C': 12, 'YDR127W': 12, 'YGL148W': 12, 'YDR035W': 12, 'YBR166C': 12, 'YLR134W': 0, 'YDR380W': 0, 'YBR252W': 4, 'YCR098C': 0, 'YGL125W': 32, 'YOL064C': 0, 'YER065C': 2, 'YPL061W': 8}",14,0.0354604106366868,1.057745882301583,1.4285714285714286,1.0549071086415138,0.336097707921853
68,46,"{'YPR060C': 12, 'YBR249C': 12, 'YDR127W': 12, 'YGL148W': 12, 'YDR035W': 12, 'YBR166C': 12, 'YLR134W': 0, 'YDR380W': 0, 'YBR199W': 0, 'YCR098C': 0, 'YGL125W': 32, 'YOL064C': 0, 'YER065C': 2, 'YPL061W': 8}",14,0.0354607323921128,1.057745480368906,1.7857142857142858,1.0549069587330535,0.3361019662615167
69,42,"{'YPR060C': 12, 'YBR249C': 12, 'YDR127W': 12, 'YGL148W': 12, 'YDR035W': 12, 'YBR166C': 12, 'YLR134W': 0, 'YDR380W': 0, 'YBR199W': 0, 'YCR098C': 0, 'YGL125W': 32, 'YIL066C': 0, 'YOL064C': 0, 'YOL033W': 0, 'YER065C': 2, 'YPL061W': 8}",16,0.0354607655196451,1.057745317584459,2.1875,1.0549069587330535,0.3361019662615101
70,95,"{'YPR060C': 12, 'YBR249C': 12, 'YDR127W': 12, 'YGL148W': 12, 'YDR035W': 12, 'YBR166C': 12, 'YLR134W': 0, 'YDR380W': 0, 'YGR202C': 0.03125, 'YOL064C': 0.25, 'YBR252W': 4, 'YCR098C': 0, 'YGL125W': 32, 'YPL061W': 8, 'YCL050C': 0.125}",15,0.0357083946105102,1.0577388370759346,1.4,1.0548234256695448,0.3384748287186158
71,53,"{'YPR060C': 12, 'YBR249C': 12, 'YDR127W': 12, 'YGL148W': 12, 'YDR035W': 12, 'YBR166C': 12, 'YLR134W': 0, 'YDR380W': 0, 'YGR202C': 0.03125, 'YOL064C': 0.25, 'YCR098C': 0, 'YGL125W': 32, 'YCR028C': 0.0625, 'YPL061W': 8, 'YCL050C': 0.125}",15,0.0357087162462829,1.0577384353574877,1.5333333333333334,1.0548232758914056,0.3384790833563474
72,59,"{'YPR060C': 12, 'YBR249C': 12, 'YDR127W': 12, 'YGL148W': 12, 'YDR035W': 12, 'YBR166C': 12, 'YLR134W': 0, 'YDR380W': 0, 'YOL064C': 0.25, 'YLL043W': 4, 'YLL048C': 0, 'YBR252W': 4, 'YCR098C': 0, 'YGL125W': 32, 'YER065C': 2, 'YPL061W': 8}",16,0.0357125454785805,1.0576796423234658,1.375,1.054822024703262,0.33851462494009704
73,73,"{'YPR060C': 12, 'YBR249C': 12, 'YDR127W': 12, 'YGL148W': 12, 'YDR035W': 12, 'YBR166C': 12, 'YLR134W': 0, 'YDR380W': 0, 'YOL064C': 0.25, 'YLL043W': 4, 'YBR252W': 4, 'YCR098C': 0, 'YGL125W': 32, 'YPL061W': 8}",14,0.0357125454785826,1.0576796442733332,1.2142857142857142,1.054822024703262,0.33851462494009776
74,3,"{'YPR060C': 12, 'YBR249C': 12, 'YDR127W': 12, 'YGL148W': 12, 'YDR035W': 12, 'YBR166C': 12, 'YLR134W': 0, 'YDR380W': 0, 'YOL064C': 0.25, 'YLL043W': 4, 'YBR252W': 4, 'YCR098C': 0, 'YGL125W': 32, 'YER065C': 2, 'YPL061W': 8}",15,0.035712545627135,1.0576796442237049,1.1333333333333333,1.054822024703262,0.33851462494009776
75,81,"{'YPR060C': 12, 'YBR249C': 12, 'YDR127W': 12, 'YGL148W': 12, 'YDR035W': 12, 'YBR166C': 12, 'YLR134W': 0, 'YDR380W': 0, 'YOL064C': 0.25, 'YLL043W': 4, 'YCR098C': 0, 'YGL125W': 32, 'YIL066C': 0, 'YER065C': 2, 'YPL061W': 8, 'YKL019W': 0.25}",16,0.0357128670179857,1.0576792400906814,1.5,1.0548218748997704,0.33851888029799343
76,91,"{'YPR060C': 12, 'YBR249C': 12, 'YDR127W': 12, 'YGL148W': 12, 'YDR035W': 12, 'YBR166C': 12, 'YLR134W': 0, 'YDR380W': 0, 'YOL064C': 0.25, 'YCR098C': 0, 'YGL125W': 32, 'YIL066C': 0, 'YPL061W': 8}",13,0.0357128671665089,1.0576792389902028,1.6923076923076923,1.0548218748997704,0.33851888029799343
77,23,"{'YPR060C': 12, 'YBR249C': 12, 'YDR127W': 12, 'YGL148W': 12, 'YDR035W': 12, 'YBR166C': 12, 'YLR134W': 0, 'YDR380W': 0, 'YOL064C': 0.25, 'YLL043W': 4, 'YCR098C': 0, 'YGL125W': 32, 'YER065C': 2, 'YPL061W': 8}",14,0.03571290046198,1.0576790771858418,1.2142857142857142,1.0548218748997704,0.33851888029799343
78,75,"{'YPR060C': 12, 'YBR249C': 12, 'YDR127W': 12, 'YGL148W': 12, 'YDR035W': 12, 'YBR166C': 12, 'YLR134W': 0, 'YDR380W': 0, 'YJR110W': 0.25, 'YOL064C': 0.25, 'YBR252W': 4, 'YCR098C': 0, 'YGL125W': 32, 'YCL050C': 0, 'YER065C': 2}",15,0.0358413036666422,1.057385135647528,1.6,1.0547718529748051,0.33976170493582447
79,72,"{'YPR060C': 12, 'YBR249C': 12, 'YDR127W': 12, 'YGL148W': 12, 'YDR035W': 12, 'YBR166C': 12, 'YLR134W': 0, 'YDR380W': 0, 'YPL053C': 0.25, 'YOL064C': 0.25, 'YCL050C': 0.03125, 'YIL053W': 32, 'YCR098C': 0, 'YGL125W': 32, 'YIL066C': 0, 'YJR110W': 0.0625}",16,0.0358422064713331,1.0573844123792997,1.75,1.054771506799112,0.3397715333425069
80,60,"{'YPR060C': 12, 'YBR249C': 12, 'YDR127W': 12, 'YGL148W': 12, 'YDR035W': 12, 'YBR166C': 12, 'YLR134W': 0, 'YDR380W': 0, 'YGR202C': 0.03125, 'YOL064C': 0.25, 'YCR098C': 0, 'YGL125W': 32, 'YCR028C': 0.0625, 'YCL050C': 0.125}",14,0.0358438783857568,1.0573839607549322,1.6428571428571428,1.054770942208698,0.33978756284515427
81,55,"{'YPR060C': 12, 'YBR249C': 12, 'YDR127W': 12, 'YGL148W': 12, 'YDR035W': 12, 'YBR166C': 12, 'YLR134W': 0, 'YDR380W': 0, 'YGR277C': 0.5, 'YGR202C': 0.03125, 'YOL064C': 0.25, 'YCR098C': 0, 'YGL125W': 32, 'YCR028C': 0.0625, 'YCL050C': 0.125}",15,0.0358439117716366,1.0573838137746203,1.6666666666666667,1.054770942208698,0.33978756284515427
82,52,"{'YPR060C': 12, 'YBR249C': 12, 'YDR127W': 12, 'YGL148W': 12, 'YDR035W': 12, 'YBR166C': 12, 'YLR134W': 0, 'YDR380W': 0, 'YBR199W': 4, 'YOL064C': 0.25, 'YIL053W': 32, 'YCL050C': 0.25, 'YCR098C': 0, 'YGL125W': 32, 'YER065C': 2, 'YJR110W': 0.0625}",16,0.0358461409908676,1.0573832115993582,1.3125,1.0547701894214803,0.33980893551533853
83,94,"{'YPR060C': 12, 'YBR249C': 12, 'YDR127W': 12, 'YGL148W': 12, 'YDR035W': 12, 'YBR166C': 12, 'YLR134W': 0, 'YDR380W': 0, 'YCL050C': 0.5, 'YOL064C': 0.25, 'YCR098C': 0, 'YGL125W': 32, 'YFR053C': 0.03125}",13,0.0358480485457492,1.0573482040570326,1.6153846153846154,1.054769533778354,0.3398275501304159
84,67,"{'YPR060C': 12, 'YBR249C': 12, 'YDR127W': 12, 'YGL148W': 12, 'YDR035W': 12, 'YBR166C': 12, 'YLR134W': 0, 'YDR380W': 0, 'YGL125W': 32, 'YCR098C': 0, 'YOL064C': 0.25}",11,0.0358480819407941,1.057323071818508,1.5454545454545454,1.054769533778354,0.3398275501304232
85,45,"{'YPR060C': 12, 'YBR249C': 12, 'YDR127W': 12, 'YGL148W': 12, 'YDR035W': 12, 'YBR166C': 12, 'YLR134W': 0, 'YDR380W': 0, 'YLL048C': 0, 'YOR175C': 0, 'YCR098C': 0, 'YGL125W': 32, 'YIL066C': 0, 'YER052C': 0.5, 'YER065C': 2, 'YOL064C': 0.5}",16,0.0359567453657816,1.05534401490415,2.125,1.0547328263558873,0.3408697246190366
86,19,"{'YPR060C': 12, 'YBR249C': 12, 'YDR127W': 12, 'YGL148W': 12, 'YDR035W': 12, 'YBR166C': 12, 'YLR134W': 0, 'YDR380W': 0, 'YLL048C': 0, 'YIL066C': 0, 'YOL086C': 0, 'YGL125W': 32, 'YCR098C': 0, 'YER052C': 0.5, 'YOL033W': 0, 'YOL064C': 0.5}",16,0.0359587922693868,1.0553288411187292,2.4375,1.054732123617513,0.3408896763333559
87,25,"{'YPR060C': 12, 'YBR249C': 12, 'YDR127W': 12, 'YGL148W': 12, 'YDR035W': 12, 'YBR166C': 12, 'YLR134W': 0, 'YDR380W': 0, 'YKL184W': 0.125, 'YLL048C': 0, 'YBR199W': 0, 'YCR098C': 0, 'YGL125W': 32, 'YIL066C': 0, 'YER052C': 0.5, 'YOL064C': 0.5}",16,0.0359587924203221,1.055328840164652,2.25,1.054732123617513,0.34088967633335804
88,89,"{'YPR060C': 12, 'YBR249C': 12, 'YDR127W': 12, 'YGL148W': 12, 'YDR035W': 12, 'YBR166C': 12, 'YLR134W': 0, 'YDR380W': 0, 'YBR199W': 0, 'YCR098C': 0, 'YGL125W': 32, 'YER052C': 0.5, 'YOL064C': 0.5}",13,0.0359587924203227,1.055328840164651,1.8461538461538465,1.054732123617513,0.34088967633335515
89,76,"{'YPR060C': 12, 'YBR249C': 12, 'YDR127W': 12, 'YGL148W': 12, 'YDR035W': 12, 'YBR166C': 12, 'YLR134W': 0, 'YDR380W': 0, 'YBR199W': 0, 'YCR098C': 0, 'YGL125W': 32, 'YER052C': 0.5, 'YOL064C': 0.5}",13,0.0359587924203233,1.0553288401646113,1.8461538461538465,1.054732123617513,0.34088967633335515
90,11,"{'YPR060C': 12, 'YBR249C': 12, 'YDR127W': 12, 'YGL148W': 12, 'YDR035W': 12, 'YBR166C': 12, 'YLR134W': 0, 'YDR380W': 0, 'YIL053W': 0, 'YLL048C': 0, 'YBR199W': 0, 'YCR098C': 0, 'YOL086C': 0, 'YGL125W': 32, 'YIL066C': 0, 'YOL033W': 0}",16,0.0359587924203653,1.0456084686741336,2.8125,1.054732123617513,0.34088967633335704
91,12,"{'YPR060C': 12, 'YBR249C': 12, 'YDR127W': 12, 'YGL148W': 12, 'YDR035W': 12, 'YBR166C': 12, 'YLR134W': 0, 'YDR380W': 0, 'YLR447C': 0, 'YIL053W': 0, 'YLL048C': 0, 'YBR199W': 0, 'YIL066C': 0, 'YOL086C': 0, 'YGL125W': 32, 'YOL033W': 0}",16,0.0359588260291995,0.8942145706790565,2.8125,1.054732123617513,0.34088967633335676
92,57,"{'YPR060C': 12, 'YBR249C': 12, 'YDR127W': 12, 'YGL148W': 12, 'YDR035W': 12, 'YBR166C': 12, 'YLR134W': 0, 'YDR380W': 0, 'YIL053W': 0, 'YLL048C': 0, 'YBR199W': 0, 'YCR098C': 0, 'YOL086C': 0, 'YGL125W': 32, 'YIL066C': 0}",15,0.0359588260292,1.0456090379605334,2.6666666666666665,1.054732123617513,0.3408896763333573
93,17,"{'YPR060C': 12, 'YBR249C': 12, 'YDR127W': 12, 'YGL148W': 12, 'YDR035W': 12, 'YBR166C': 12, 'YLR134W': 0, 'YDR380W': 0, 'YIL053W': 0, 'YBR199W': 0, 'YIL066C': 0, 'YGL125W': 32, 'YOL086C': 0, 'YCR098C': 0, 'YOL033W': 0, 'YCR028C': 0.0625}",16,0.0359588261801292,1.0456087987212788,2.625,1.054732123617513,0.3408896763333524
94,85,"{'YPR060C': 12, 'YBR249C': 12, 'YDR127W': 12, 'YGL148W': 12, 'YDR035W': 12, 'YBR166C': 12, 'YLR134W': 0, 'YDR380W': 0, 'YCL050C': 0.5, 'YIL053W': 0, 'YBR199W': 0, 'YIL066C': 0, 'YOL086C': 0, 'YGL125W': 32, 'YCR098C': 0}",15,0.0359588261801292,1.0461812115932605,2.466666666666667,1.054732123617513,0.34088967633335526
95,80,"{'YPR060C': 12, 'YBR249C': 12, 'YDR127W': 12, 'YGL148W': 12, 'YDR035W': 12, 'YBR166C': 12, 'YLR134W': 0, 'YDR380W': 0, 'YIL053W': 32, 'YJR095W': 0, 'YLL048C': 0, 'YBR199W': 0, 'YCR098C': 0, 'YGL125W': 32, 'YIL066C': 0, 'YOL033W': 0}",16,0.0359588261801299,1.0456087987212823,2.5,1.054732123617513,0.34088967633335704
96,7,"{'YPR060C': 12, 'YBR249C': 12, 'YDR127W': 12, 'YGL148W': 12, 'YDR035W': 12, 'YBR166C': 12, 'YLR134W': 0, 'YDR380W': 0, 'YLR447C': 0, 'YIL053W': 0, 'YLL048C': 0, 'YBR199W': 0, 'YIL066C': 0, 'YOL086C': 0, 'YGL125W': 32, 'YOL033W': 0}",16,0.0359588261801741,0.8942052094315593,2.8125,1.054732123617513,0.34088967633335676
97,0,"{'YPR060C': 12, 'YBR249C': 12, 'YDR127W': 12, 'YGL148W': 12, 'YDR035W': 12, 'YBR166C': 12, 'YLR134W': 0, 'YDR380W': 0, 'YIL053W': 0, 'YLL048C': 0, 'YBR199W': 0, 'YIL066C': 0, 'YOL086C': 0, 'YGL125W': 32, 'YDL080C': 16, 'YBR121C': 0.5}",16,0.0359588261802199,0.8942052094321946,2.3125,1.054732123617513,0.34088967633335565
